{
	"class_name" : "PinholeCameraParameters",
	"extrinsic" : 
	[
		0.80574674634839472,
		-0.27878293770862511,
		-0.52254402148673063,
		0.0,
		0.39722851050579644,
		0.90879711724580936,
		0.12766091855792486,
		0.0,
		0.43929681445501323,
		-0.31043175309277826,
		0.84300085141203884,
		0.0,
		-2.5873322949187019,
		-0.8860032704832308,
		3.983621784587871,
		1.0
	],
	"intrinsic" : 
	{
		"height" : 1055,
		"intrinsic_matrix" : 
		[
			913.65680099258282,
			0.0,
			0.0,
			0.0,
			913.65680099258282,
			0.0,
			959.5,
			527.0,
			1.0
		],
		"width" : 1920
	},
	"version_major" : 1,
	"version_minor" : 0
}